{"cameraMode":{"drawMode":0,"name":"Shaded","section":"Shading Mode"},"sceneLighting":true,"audioPlay":false,"sceneViewState":{"showFog":true,"showMaterialUpdate":false,"showSkybox":true,"showFlares":true,"showImageEffects":true,"showParticleSystems":true},"in2DMode":false,"pivot":{"x":-3.192911148071289,"y":3.8752694129943849,"z":1.6237754821777344},"rotation":{"x":0.01756891794502735,"y":0.6375251412391663,"z":-0.014543870463967324,"w":0.7700942158699036},"size":5.107395172119141,"orthographic":false}