{"cameraMode":{"drawMode":0,"name":"Shaded","section":"Shading Mode"},"sceneLighting":true,"audioPlay":false,"sceneViewState":{"showFog":true,"showMaterialUpdate":false,"showSkybox":true,"showFlares":true,"showImageEffects":true,"showParticleSystems":true},"in2DMode":false,"pivot":{"x":5.645470142364502,"y":1.0942320823669434,"z":2.8291351795196535},"rotation":{"x":0.06215571612119675,"y":0.9223508834838867,"z":-0.1672680377960205,"w":0.3427545130252838},"size":1.9083888530731202,"orthographic":false}